Page ascore,Source title,Source url,Target url,Anchor,External links,Internal links,Nofollow,Sponsored,Ugc,Text,Frame,Form,Image,Sitewide,First seen,Last seen,New link,Lost link
0,High-quality backlink service 2025/08/30/64 | 8coint.com,https://8coint.com/list.php?part=2025%2F08%2F30%2F64,https://kidrove.com/,kidrove.com,2760,115,true,false,false,false,false,false,true,false,2025-09-04,2025-12-02,false,false
0,High-quality backlink service 2025/08/31/297 | 8coint.com,https://8coint.com/list.php?part=2025%2F08%2F31%2F297,https://kidrove.com/,kidrove.com,2853,115,true,false,false,false,false,false,true,false,2025-09-04,2025-12-05,false,false
0,"Boost Organic Traffic, Rankings & Authority with 100% Premium Backlinks 🎖️ – Give Your Competitors a Tough Time! 💪 | Rankvance.com",https://backlinkmasters.online/explore-link-building-packages-now-and-daily-registered-domains-73/,https://kidrove.com/,kidrove.com,2001,37,false,false,false,true,false,false,false,false,2025-09-22,2026-01-03,false,false
0,"Boost Organic Traffic, Rankings & Authority with 100% Premium Backlinks 🎖️ – Give Your Competitors a Tough Time! 💪 | Rankvance.com",https://backlinksolutions.info/explore-our-link-building-packages-now-73/,https://kidrove.com/,kidrove.com,2008,37,false,false,false,true,false,false,false,false,2025-09-17,2025-12-22,false,false
0,✅ Website Stats 📊,https://dailymusings.top/stats/42517,https://kidrove.com/,kidrove.com,3500,21,true,false,false,true,false,false,false,false,2025-12-25,2025-12-25,true,false
0,👲 Domain Report 👲,https://drjack.world/report/42517,https://kidrove.com/,kidrove.com,3500,21,true,false,false,true,false,false,false,false,2025-12-31,2025-12-31,true,false
0,✅ Website Stats 📊,https://metamagic.top/stats/42517,https://kidrove.com/,kidrove.com,3500,21,true,false,false,true,false,false,false,false,2025-12-09,2025-12-09,true,false
0,2025-08-29 Newly Registered Domains Page 68,https://newlyregddomains.com/2025-08-29/68,http://kidrove.com/,kidrove.com,990,20,true,false,false,true,false,false,false,false,2025-09-06,2025-10-06,false,false
0,✅ Website Stats 📊,https://optimizeflow.top/stats/42517,https://kidrove.com/,kidrove.com,3500,21,true,false,false,true,false,false,false,false,2025-12-16,2025-12-16,true,false
0,"Boost Organic Traffic, Rankings & Authority with 100% Premium Backlinks 🎖️ – Give Your Competitors a Tough Time! 💪 | Rankvance.com – Backlink Agency",https://rankvance.info/explore-premium-packages-now-73/,https://kidrove.com/,kidrove.com,2013,37,false,false,false,true,false,false,false,false,2025-09-15,2025-12-30,false,false
0,"Boost Organic Traffic, Rankings & Authority with 100% Premium Backlinks 🎖️ – Give Your Competitors a Tough Time! 💪 | Rankvance.com – Backlink Agency",https://rankvanceagency.info/explore-our-link-building-packages-now-73/,https://kidrove.com/,kidrove.com,2008,49,false,false,false,true,false,false,false,false,2025-10-06,2025-10-06,false,false
0,"Boost Organic Traffic, Rankings & Authority with 100% Premium Backlinks 🎖️ – Give Your Competitors a Tough Time! 💪 | Rankvance.com – Backlink Agency",https://rankvanceauthority.info/explore-our-link-building-packages-now-73/,https://kidrove.com/,kidrove.com,2008,37,false,false,false,true,false,false,false,false,2025-09-19,2025-12-27,false,false
0,"Boost Organic Traffic, Rankings & Authority with 100% Premium Backlinks 🎖️ – Give Your Competitors a Tough Time! 💪 | Rankvance.com – Backlink Agency",https://rankvanceboost.info/explore-our-premium-link-building-packages-now-73/,https://kidrove.com/,kidrove.com,2008,49,false,false,false,true,false,false,false,false,2025-09-13,2025-10-06,false,false
0,"Boost Organic Traffic, Rankings & Authority with 100% Premium Backlinks 🎖️ – Give Your Competitors a Tough Time! 💪 | Rankvance.com – Backlink Agency",https://rankvancelinks.info/explore-our-link-building-packages-now-73/,https://kidrove.com/,kidrove.com,2013,37,false,false,false,true,false,false,false,false,2025-10-03,2026-01-01,false,false
0,"Boost Organic Traffic, Rankings & Authority with 100% Premium Backlinks 🎖️ – Give Your Competitors a Tough Time! 💪 | Rankvance.com",https://rankvancelinks.online/explore-link-building-packages-and-daily-registered-domains-73/,https://kidrove.com/,kidrove.com,2008,37,false,false,false,true,false,false,false,false,2025-10-04,2025-12-28,false,false
0,"Boost Organic Traffic, Rankings & Authority with 100% Premium Backlinks 🎖️ – Give Your Competitors a Tough Time! 💪 | Rankvance.com – Backlink Agency",https://rankvanceseo.info/daily-registered-domains-explore-services-as-well-74/,https://kidrove.com/,kidrove.com,2000,37,false,false,false,true,false,false,false,false,2025-12-22,2025-12-31,true,false
0,High-quality backlink service 2025/08/30/64 | toplikevideo.com,https://toplikevideo.com/list.php?part=2025%2F08%2F30%2F64,https://kidrove.com/,kidrove.com,2760,115,true,false,false,false,false,false,true,false,2025-09-03,2025-12-02,false,false
0,High-quality backlink service 2025/08/31/297 | toplikevideo.com,https://toplikevideo.com/list.php?part=2025%2F08%2F31%2F297,https://kidrove.com/,kidrove.com,2853,115,true,false,false,false,false,false,true,false,2025-09-06,2025-12-07,false,false
0,❤️ URL Shared ❤️,https://websites.freemyip.com/share/42517,https://kidrove.com/,kidrove.com,3500,21,true,false,false,true,false,false,false,false,2025-12-17,2025-12-29,true,false
