Domain ascore,Domain,Backlinks,IP Address,Country,First seen,Last seen
12,8coint.com,2,172.67.179.177,,2025-09-04,2025-12-05
2,toplikevideo.com,2,172.67.142.172,,2025-09-03,2025-12-07
2,backlinkmasters.online,1,172.67.137.99,,2025-09-22,2026-01-03
2,backlinksolutions.info,1,172.67.214.7,,2025-09-17,2025-12-22
5,dailymusings.top,1,195.20.19.178,md,2025-12-25,2025-12-25
25,drjack.world,1,195.20.19.178,md,2025-12-31,2025-12-31
5,metamagic.top,1,195.20.19.178,md,2025-12-09,2025-12-09
5,newlyregddomains.com,1,172.67.197.47,,2025-09-06,2025-10-06
5,optimizeflow.top,1,195.20.19.178,md,2025-12-16,2025-12-16
2,rankvance.info,1,104.21.30.204,,2025-09-15,2025-12-30
2,rankvanceagency.info,1,104.21.43.18,,2025-10-06,2025-10-06
2,rankvanceauthority.info,1,104.21.23.127,,2025-09-19,2025-12-27
4,rankvanceboost.info,1,172.67.222.56,,2025-09-13,2025-10-06
2,rankvancelinks.info,1,104.21.88.157,,2025-10-03,2026-01-01
2,rankvancelinks.online,1,172.67.209.72,,2025-10-04,2025-12-28
5,rankvanceseo.info,1,172.67.183.193,,2025-12-22,2025-12-31
4,websites.freemyip.com,1,195.20.19.178,md,2025-12-17,2025-12-29
