Top pages,Clicks,Impressions,CTR,Position
https://kidrove.com/,230,518,44.4%,2.92
https://kidrove.com/events/-ajman-police-club-ramadan-carnival,29,455,6.37%,5.33
https://kidrove.com/blog/ramadan-special-offers-at-dubai-venues-families-will-love,11,644,1.71%,7.55
https://kidrove.com/blog/arabian-nights-reimagined-the-thrilling-pulse-of-ajman-during-ramadan,8,229,3.49%,5.81
https://kidrove.com/blog/from-toddlers-to-teens-the-best-children-s-birthday-party-venues-in-dubai,4,377,1.06%,38.56
https://kidrove.com/blog/best-preschools-in-umm-al-quwain-a-parent-s-guide,4,168,2.38%,7.04
https://kidrove.com/events/-al-seef-ramadan-night-market,3,115,2.61%,7.61
https://kidrove.com/about,3,88,3.41%,3.51
https://kidrove.com/events/dubai-international-art-centre-kids-courses-1,2,256,0.78%,32.09
https://kidrove.com/blog,2,100,2%,4.38
https://kidrove.com/contact,2,48,4.17%,5.71
https://kidrove.com/blog/best-preschools-in-abu-dhabi-a-parent-s-guide,1,1959,0.05%,36.1
https://kidrove.com/events/-ramadan-street-food-festival,1,319,0.31%,7.86
https://kidrove.com/events/-playtopia,1,292,0.34%,8.26
https://kidrove.com/events/al-majaz-waterfront,1,180,0.56%,7.31
https://kidrove.com/about/,1,141,0.71%,3.28
https://kidrove.com/blog/,1,141,0.71%,3.56
https://kidrove.com/events/al-heera-beach,1,136,0.74%,11.96
https://kidrove.com/events/ramadan-nights-at-expo-centre-sharjah,1,111,0.9%,8.96
https://kidrove.com/categories/courses-camps-workshops,1,93,1.08%,2.99
https://kidrove.com/collections,1,59,1.69%,2.15
https://kidrove.com/events/letx27s-roam-scavenger-hunt,1,57,1.75%,14.54
https://kidrove.com/search?q=%7Bsearch_term_string%7D,1,47,2.13%,3.36
https://kidrove.com/events/picasso-artists-kids-birthday-party-1,1,20,5%,9.15
https://kidrove.com/events/petit-chefs-teen-masterchef,1,16,6.25%,7.62
https://kidrove.com/blog/clay-modeling-crafting-fun-hands-on-mall-activity,1,10,10%,6.8
https://kidrove.com/events/al-wathba-the-deserts-natural-wonders,1,8,12.5%,7.25
https://kidrove.com/events/boo-boo-land-christmas-events,1,7,14.29%,7.71
https://kidrove.com/events/loco-bear-arcade-games-1,1,7,14.29%,10.14
https://kidrove.com/events/-al-wathba-the-deserts-natural-wonders,1,2,50%,6
https://kidrove.com/events/-orange-wheels-circle-mall,0,178,0%,10.45
https://kidrove.com/faq,0,147,0%,2.93
https://kidrove.com/events/ramadan-district-at-jumeirah-emirates-towers,0,142,0%,7.8
https://kidrove.com/events/-kids-hq-dubai,0,114,0%,12.35
https://kidrove.com/events/fun-robotics-onsite-courses-1,0,108,0%,9.32
https://kidrove.com/blog/best-preschool-in-fujairah,0,94,0%,7.95
https://kidrove.com/events/eataly-dubai-mall-cooking-classes-1,0,69,0%,7.59
https://kidrove.com/events/dubai-international-art-centre-kids-courses/,0,65,0%,46.08
https://kidrove.com/events/the-rain-room-dubai,0,64,0%,18.34
https://kidrove.com/categories/top-kid-playzone,0,62,0%,1.6
https://kidrove.com/categories/cruises,0,57,0%,2.44
https://kidrove.com/events/-real-madrid-world-dubai,0,54,0%,13.17
https://kidrove.com/events/-piccoli-play-area-al-furjan,0,52,0%,7.15
https://kidrove.com/categories/mystery-games-puzzles,0,50,0%,3.4
https://kidrove.com/categories/pool-brunch-more,0,48,0%,2.77
https://kidrove.com/events/juniors-fashion-week-jfw-dubai-showcase/,0,44,0%,7.7
https://kidrove.com/contact/,0,44,0%,14.25
https://kidrove.com/events/-dubai-glow-garden,0,42,0%,38.14
https://kidrove.com/events/-louvre-abu-dhabi,0,41,0%,8.83
https://kidrove.com/categories,0,41,0%,21.68
https://kidrove.com/blog/mall-treasure-hunts-a-perfect-family-activity,0,40,0%,8.22
https://kidrove.com/categories/handpicked-experiences,0,39,0%,3.44
https://kidrove.com/events/leo-and-loona,0,38,0%,5.18
https://kidrove.com/categories/winter-camps,0,36,0%,4.58
https://kidrove.com/events/-the-iftar-cannon-a-timeless-ramadan-tradition,0,34,0%,7.71
https://kidrove.com/events/-aventura-nature-adventure-park,0,34,0%,12.85
https://kidrove.com/events/time-out-market-dubai,0,32,0%,6.78
https://kidrove.com/categories/enjoy-pool-day,0,30,0%,2.53
https://kidrove.com/events/global-village-the-ramadan-nights-,0,25,0%,11.72
https://kidrove.com/categories/picks-of-the-week,0,22,0%,5.82
https://kidrove.com/categories/eat-out,0,21,0%,2.57
https://kidrove.com/categories/kidrated-places,0,20,0%,5.2
https://kidrove.com/events/dubai-safari-park-iftar-in-the-wild,0,20,0%,8.8
https://kidrove.com/blog/fresh-fun-5-new-easy-family-days-out-in-dubai-no-planning-required,0,20,0%,9.95
https://kidrove.com/events/museum-of-the-future-1,0,19,0%,4.21
https://kidrove.com/events/storytelling-in-three-words-a-live-creative-writing-workshop,0,19,0%,5.26
https://kidrove.com/events/kids-wheel-clay-workshop/,0,19,0%,8.26
https://kidrove.com/categories/hair-raising-horrors,0,18,0%,3
https://kidrove.com/blog/seasonal-mall-events-kids-shouldn-t-miss/,0,17,0%,10.29
https://kidrove.com/events/escape-hunt-escape-rooms-adventure-1,0,16,0%,11.69
https://kidrove.com/events/aya-universe-dubai,0,16,0%,14.06
https://kidrove.com/blog/fresh-fun-5-new-easy-family-days-out-in-dubai-no-planning-required/,0,14,0%,11.29
https://kidrove.com/events/kids-zone-birthday-party-1,0,14,0%,11.71
https://kidrove.com/events/-deep-dive-dubai,0,13,0%,7.08
https://kidrove.com/categories/waterparks-splash-fun,0,12,0%,5.17
https://kidrove.com/events/-lapita-dubai-parks-and-resorts,0,12,0%,10.08
https://kidrove.com/events/-wild-wadi-waterpark,0,12,0%,11
https://kidrove.com/blog/one-perfect-day-in-dubai-with-kids-what-to-do-where-to-go,0,12,0%,11.75
https://kidrove.com/blog/clay-modeling-crafting-fun-hands-on-mall-activity/,0,12,0%,12.75
https://kidrove.com/events/dubai-crocodile-park,0,12,0%,23.08
https://kidrove.com/events/juniors-fashion-week-jfw-dubai-showcase,0,11,0%,4.73
https://kidrove.com/events/-j-and-w-parties-1,0,11,0%,6.64
https://kidrove.com/categories/immersive-experiences-exhibits,0,10,0%,8.9
https://kidrove.com/search,0,9,0%,1.11
https://kidrove.com/categories/top-experiences,0,9,0%,3.67
https://kidrove.com/events/694be211274ea902111a2b60,0,9,0%,25.11
https://kidrove.com/events/petit-chefs-junior-chefs-7-9years-single-saturday/,0,8,0%,7.5
https://kidrove.com/privacy,0,7,0%,4.86
https://kidrove.com/categories/parent-zone,0,6,0%,1.83
https://kidrove.com/events/loco-bear-laser-tag-battle-1,0,6,0%,7.17
https://kidrove.com/events/petit-chefs-junior-chefs-7-9years-single-saturday,0,6,0%,7.33
https://kidrove.com/events/petit-chefs-mini-chefs-course,0,5,0%,5.2
https://kidrove.com/categories/outdoor-adventures,0,5,0%,6
https://kidrove.com/events/hjfjfyj,0,5,0%,11.2
https://kidrove.com/events/-dubai-safari-park,0,4,0%,11.75
https://kidrove.com/categories/top-attractions-dubai,0,4,0%,14.25
https://kidrove.com/events/lets-roam-scavenger-hunt-1,0,4,0%,26.5
https://kidrove.com/events/6988c6b6113eae7d05e8c998,0,3,0%,1
https://kidrove.com/events/-the-founders-memorial,0,3,0%,7
https://kidrove.com/events/museum-of-the-future,0,3,0%,8
https://kidrove.com/events/madinat-jumeirah-cannon-and-abra-ride,0,2,0%,3
https://kidrove.com/events/-cheeky-monkeys-1,0,2,0%,9
https://kidrove.com/events/-olioli,0,2,0%,11.5
http://kidrove.com/,0,1,0%,1
https://kidrove.com/events/kids-wheel-clay-workshop-1,0,1,0%,3
https://kidrove.com/categories/themed-parks-attractions,0,1,0%,7
https://api.kidrove.com/api/media/file/18bcc186-0742-4fc5-a05d-fd8a1bbd51c5,0,1,0%,21